"","ID","Latitude","Longitude","Altitude","Nom","h1996","hf1996","h1997","hf1997","h1998","hf1998","h1999","hf1999","h2000","hf2000","h2001","hf2001","h2002","hf2002","h2003","hf2003","h2004","hf2004","h2005","hf2005","h2006","hf2006","h2007","hf2007","h2008","hf2008","h2009","hf2009","h2010","hf2010","h2011","hf2011","h2012","hf2012","h2013","hf2013","h2014","hf2014","h2015","hf2015","h2016","hf2016","h2017","hf2017","h2018","hf2018","h2019","hf2019","h2020","hf2020","h2021","hf2021","h2022","hf2022"
"1",7498,45.445,6.978167,1854,"Val d Isere Joseray",1.01592592592593,NA,1.0377358490566,NA,0.864181818181818,NA,1.32137254901961,NA,1.21814814814815,NA,0.6735,NA,0.890363636363636,NA,0.994716981132076,NA,1.11434782608696,0.00673913043478261,1.06041666666667,0.00916666666666667,0.854565217391304,0.0284782608695652,0.890392156862745,0.0329411764705882,1.04340909090909,0.00681818181818182,1.3475,0.00729166666666667,1.16941176470588,0.0190196078431373,0.528163265306122,0.00795918367346939,1.35863636363636,0.00272727272727273,1.42411764705882,0.0243137254901961,1.09666666666667,0.0412962962962963,0.923076923076923,0.021025641025641,1.35173076923077,0.0457692307692308,0.925384615384615,0.0215384615384615,2.28830188679245,0.0158490566037736,1.19538461538462,0.0107692307692308,1.1018,0.0120408163265306,1.26970588235294,0.0223529411764706,1.06884615384615,0.0188461538461538
"2",7499,45.923333,6.867333,1043,"CHAMONIX-OBS",0.276491228070175,NA,0.00926829268292683,NA,0.107142857142857,NA,1.115,NA,0.377272727272727,NA,0.052,NA,0.0558333333333333,NA,0.274285714285714,NA,0.0989285714285714,0.00379310344827586,0.472222222222222,0.0137037037037037,0.293076923076923,0.0133333333333333,0.0332142857142857,0.00964285714285714,0.0641379310344828,0.00464285714285714,0.534642857142857,0.0185714285714286,0.3825,0.0129032258064516,0.0208823529411765,0.00441176470588235,0.652702702702703,0.006,0.691666666666667,0.0134210526315789,0.550740740740741,0.0234375,0.309393939393939,0.0205714285714286,0.106666666666667,0.0228571428571429,0.0372727272727273,0.0092,0.430454545454545,0.00709677419354839,0.291333333333333,0.008125,0.0273333333333333,0.00266666666666667,0.3725,0.00222222222222222,0.266,0.003
"3",7567,45.274167,6.922333,2101,"Val Cenis (La Berche)",1.00627450980392,NA,0.803333333333333,NA,0.76843137254902,NA,1.1,NA,1.16375,NA,0.936470588235294,NA,0.687090909090909,NA,1.07076923076923,NA,1.28115384615385,0.00230769230769231,0.933125,0.005,0.623478260869565,0.00565217391304348,0.741666666666667,0.0202083333333333,1.03973684210526,0.00526315789473684,1.35807692307692,0.00923076923076923,1.16702702702703,0.0194594594594595,0.884166666666667,0.00478260869565217,1.26925925925926,0.00740740740740741,1.3045,0.024,1.36641025641026,0.0302564102564103,0.973611111111111,0.0194444444444444,1.00912280701754,0.0317543859649123,1.22888888888889,0.0133333333333333,1.9769387755102,0.0195918367346939,1.2936,0.0142,1.35581395348837,0.0186046511627907,1.12,0.0193333333333333,1.0265,0.017
"4",7589,44.946667,6.188333,1570,"St Christophe",0.484727272727273,NA,0.523076923076923,NA,0.481190476190476,NA,1.20545454545455,NA,0.5506,NA,0.229807692307692,NA,0.324285714285714,NA,0.532962962962963,NA,0.272692307692308,0.01,0.594814814814815,0.00814814814814815,0.510740740740741,0.0177777777777778,0.286296296296296,0.0333333333333333,0.426,0.0164,0.823333333333333,0.027037037037037,0.756538461538461,0.0519230769230769,0.108461538461538,0.0123076923076923,0.9275,0.00642857142857143,0.778888888888889,0.0348148148148148,0.6585,0.0625,0.608947368421053,0.0368421052631579,0.353846153846154,0.035,0.392727272727273,0.0359090909090909,0.5956,0.0184,0.701851851851852,0.0233333333333333,0.307826086956522,0.0104347826086957,0.590769230769231,0.0203846153846154,0.525833333333333,0.0325
"5",7608,43.038167,-1.026667,1327,"Iraty",0.646875,NA,0.00942307692307692,NA,0.0355555555555556,NA,0.301132075471698,NA,0.00563636363636364,NA,0.077037037037037,NA,0.3042,NA,0.82,NA,0.0942307692307692,0.0307692307692308,0.53078431372549,0.0262745098039216,0.297962962962963,0.00648148148148148,0.076,0.00581818181818182,0.00792452830188679,0.00207547169811321,0.578148148148148,0.0372222222222222,0.429607843137255,0.00882352941176471,0.0507272727272727,0.012,0.47962962962963,0.0127777777777778,1.0043137254902,0.0505882352941176,0.262075471698113,0.0207547169811321,1.42720930232558,0.046046511627907,0.1175,0.0230769230769231,0.055,0.00727272727272727,0.328421052631579,0.0336842105263158,0.4625,0.00416666666666667,0.00454545454545455,0.00454545454545455,0.00473684210526316,0.00421052631578947,0.0194736842105263,0.01
"6",7721,46.027667,6.665667,1760,"LES CARROZ KEDEUSAZ",1.07571428571429,NA,1.45703703703704,NA,1.08945454545455,NA,2.2874,NA,1.71678571428571,NA,1.40285714285714,NA,0.984642857142857,NA,1.84036363636364,NA,1.41175438596491,0.0107017543859649,1.57259259259259,0.0346296296296296,1.2264,0.025,0.768823529411765,0.0305882352941176,1.23027027027027,0.0162162162162162,1.41017857142857,0.0351785714285714,1.26625,0.0314285714285714,0.638611111111111,0.0255555555555556,1.91019607843137,0.0135294117647059,1.78066666666667,0.0451111111111111,1.62883720930233,0.0532558139534884,1.0588,0.0276,1.14450980392157,0.0482352941176471,0.82530612244898,0.023265306122449,1.88290909090909,0.0169090909090909,1.33692307692308,0.0259615384615385,0.856909090909091,0.0183636363636364,1.30391304347826,0.0147826086956522,1.1777358490566,0.0237735849056604
"7",7725,42.911833,0.768167,1456,"Boutx le Mourtis",0.877291666666667,NA,0.0708163265306122,NA,0.0653846153846154,NA,0.685384615384615,NA,0.238222222222222,NA,0.758367346938775,NA,0.711372549019608,NA,1.85297872340426,NA,0.543333333333333,0.0109803921568627,1.62209302325581,0.03,0.886666666666667,0.00395833333333333,0.0395,0.0121951219512195,0.0375,0,0.921020408163265,0.0289795918367347,0.70195652173913,0.0143478260869565,0.186136363636364,0.0226666666666667,0.68125,0.0405,2.042,0.063,1.086,0.0228,1.234375,0.0588888888888889,0.146,0.0288,0.740689655172414,0.00724137931034483,0.623333333333333,0.0414814814814815,0.767857142857143,0.00923076923076923,0.00333333333333333,0.00333333333333333,0.091,0.007,0.455555555555556,0.0172222222222222
"8",7811,45.105,6.0975,2340,"L Alpe d Huez 2350",1.27618181818182,NA,1.17829787234043,NA,1.02057692307692,NA,0.6144,NA,0.66,NA,1.25021276595745,NA,0.579622641509434,NA,1.2798,NA,1.03764705882353,0.00666666666666667,0.4558,0.0098,0.763243243243243,0.0183783783783784,0.986764705882353,0.0370588235294118,1.05833333333333,0.0156521739130435,1.22827586206897,0.00571428571428571,1.32393939393939,0.0418181818181818,1.284,0.0128,0.709259259259259,0.00185185185185185,1.58666666666667,0.0216666666666667,1.2948275862069,0.0624137931034483,1.15074074074074,0.0118518518518519,1.41441860465116,0.0258139534883721,0.912307692307692,0.0192307692307692,1.7135,0.0235,1.2905,0.011,0.893913043478261,0.00434782608695652,1.1,0,0.6965,0.0138888888888889
"9",7818,44.893167,5.547167,1254,"Gresse en Vercors",0.420571428571429,NA,0.18825,NA,0.281,NA,1.043125,NA,0.41175,NA,0.0140909090909091,NA,0.309302325581395,NA,0.696969696969697,NA,0.327173913043478,0.00326086956521739,0.662647058823529,0.0382352941176471,0.728857142857143,0.00457142857142857,0.0838461538461538,0.0125,0.272173913043478,0.0126086956521739,0.488,0.004,0.641136363636364,0.0197727272727273,0.0564864864864865,0.0132432432432432,0.644571428571429,0.00885714285714286,0.65625,0.0491666666666667,0.355882352941176,0.0364705882352941,0.6775,0.058,0.0907692307692308,0.02,0.162916666666667,0.00347826086956522,0.43952380952381,0.0185714285714286,0.696666666666667,0,0.118571428571429,0.0192857142857143,0.2768,0.0128,0.488260869565217,0.0226086956521739
"10",7856,46.0035,6.697333,1620,"Flaine",0.663454545454545,NA,0.854,NA,0.7206,NA,1.79979166666667,NA,1.15385964912281,NA,0.348392857142857,NA,0.607592592592593,NA,1.26777777777778,NA,0.734561403508772,0.00982456140350877,1.2986,0.0398,1.0294,0.0208,0.323207547169811,0.029811320754717,0.652727272727273,0.0103636363636364,1.0722641509434,0.0337735849056604,0.884,0.0236363636363636,0.221481481481481,0.0157407407407407,1.93109090909091,0.00836363636363636,1.41826923076923,0.0498076923076923,1.03530612244898,0.0546938775510204,1.30709090909091,0.0289090909090909,1.02666666666667,0.0461111111111111,0.643962264150943,0.020377358490566,1.66759259259259,0.0164814814814815,1.38235294117647,0.0376470588235294,0.875581395348837,0.0206976744186047,1.39,0.13,1.04243902439024,0.034390243902439
"11",7858,46.186167,6.779833,1768,"Avoriaz",1.49611111111111,NA,1.5245652173913,NA,1.1954,NA,2.06428571428571,NA,2.06943396226415,NA,1.4562,NA,1.03943396226415,NA,1.68333333333333,NA,1.70943396226415,0.0164150943396226,1.4256,0.0330612244897959,1.3956,0.0298,1.14363636363636,0.0525454545454545,1.63145833333333,0.0177083333333333,2.05596153846154,0.0341176470588235,1.63903846153846,0.0375471698113208,1.05240740740741,0.0161111111111111,2.51589285714286,0.0105357142857143,2.6221568627451,0.053921568627451,2.10291666666667,0.0495652173913043,1.75203703703704,0.0322222222222222,1.91396551724138,0.0473684210526316,1.15452380952381,0.0214285714285714,2.53410256410256,0.0231578947368421,1.57971428571429,0.0132352941176471,1.33326086956522,0.0291304347826087,1.57,0,1.442,0.0468181818181818
"12",7873,46.002333,6.947333,1478,"LE TOUR NIVO",0.653571428571429,NA,0.7990625,NA,0.675135135135135,NA,1.9348275862069,NA,1.26928571428571,NA,0.731290322580645,NA,0.741904761904762,NA,1.29041666666667,NA,0.835333333333333,0.00966666666666667,1.15058823529412,0.0152941176470588,1.04571428571429,0.0367857142857143,0.415588235294118,0.0729411764705882,0.734571428571429,0.00914285714285714,1.18529411764706,0.0320588235294118,1.10904761904762,0.035952380952381,0.292553191489362,0.01,1.74393939393939,0.00411764705882353,1.75714285714286,0.0252380952380952,1.07230769230769,0.0961538461538462,0.935,0.032,1.19961538461538,0.0848,0.461923076923077,0.0188461538461538,1.83375,0.0075,0.977647058823529,0.0433333333333333,0.959230769230769,0.0123076923076923,NA,0.155,0.967222222222222,0.0305555555555556
"13",7875,45.097667,6.072833,1860,"L Alpe d Huez (SATA)",1.03035714285714,NA,1.06727272727273,NA,0.876111111111111,NA,1.52089285714286,NA,1.26944444444444,NA,0.714130434782609,NA,0.704634146341463,NA,1.19519230769231,NA,1.00134615384615,0.00519230769230769,0.945,0.0128571428571429,0.936603773584906,0.0169811320754717,0.863541666666667,0.0477083333333333,1.23714285714286,0.0164285714285714,1.3064,0.017,1.22697674418605,0.033953488372093,0.648571428571429,0.0146341463414634,1.41382352941176,0.00382352941176471,1.86387096774194,0.0213333333333333,1.215,0.0490322580645161,1.07185185185185,0.0118518518518519,1.28469387755102,0.0351020408163265,0.8032,0.0232,1.99709090909091,0.0143636363636364,1.4937037037037,0.0344444444444444,1.39896551724138,0.033448275862069,1.244,0.046,1.25239130434783,0.0221739130434783
"14",7876,45.958167,6.456167,1447,"GRAND-BORNAND",0.637241379310345,NA,0.673584905660377,NA,0.751320754716981,NA,1.70408163265306,NA,1.04122807017544,NA,0.661071428571429,NA,0.595535714285714,NA,1.35303571428571,NA,0.748421052631579,0.00596491228070175,1.19303571428571,0.0355357142857143,1.45019607843137,0.0196078431372549,0.495636363636364,0.0312727272727273,0.691379310344828,0.0124137931034483,1.15188679245283,0.0316981132075472,1.20698113207547,0.0228301886792453,0.270566037735849,0.0126415094339623,1.32824561403509,0.00789473684210526,1.56814814814815,0.0318518518518519,0.944117647058824,0.0392156862745098,1.03690909090909,0.0241818181818182,0.578571428571429,0.0230357142857143,0.498979591836735,0.0140816326530612,1.4392,0.0154,1.186,0.0213333333333333,0.359807692307692,0.0221153846153846,0.729333333333333,0.0123333333333333,0.722272727272727,0.04
"15",7882,45.020833,5.8625,1382,"L Alpe du Grand Serre",0.540238095238095,NA,0.222678571428571,NA,0.3844,NA,1.09276595744681,NA,0.510909090909091,NA,0.1096,NA,0.338913043478261,NA,0.7192,NA,0.42948275862069,0.00586206896551724,0.557608695652174,0.0147826086956522,0.732181818181818,0.00527272727272727,0.234814814814815,0.016,0.470666666666667,0.0111111111111111,0.825925925925926,0.0133333333333333,0.87156862745098,0.0238775510204082,0.134807692307692,0.0101923076923077,0.553333333333333,0.0087037037037037,0.924339622641509,0.0366037735849057,0.5934375,0.039375,0.700285714285714,0.02,0.185263157894737,0.0226315789473684,0.375,0.0119230769230769,1.0434,0.0166,0.849487179487179,0.0179487179487179,0.18875,0.00575,0.6885,0.0285,0.731944444444444,0.0172222222222222
"16",7885,45.227667,6.404,1603,"Les Karellis",0.537090909090909,NA,0.797090909090909,NA,0.863636363636364,NA,1.37224489795918,NA,0.822407407407407,NA,0.524117647058824,NA,0.457307692307692,NA,0.923913043478261,NA,0.773023255813953,0.0086046511627907,1.062,0.0153333333333333,0.767674418604651,0.0118604651162791,0.525416666666667,0.035625,0.821627906976744,0.00604651162790698,0.936,0.0102,0.701836734693878,0.0122448979591837,0.265217391304348,0.00891304347826087,1.39122448979592,0.00285714285714286,1.0925,0.02125,0.785294117647059,0.0396078431372549,0.7426,0.0158,0.728965517241379,0.0255172413793103,0.432641509433962,0.0243396226415094,1.16857142857143,0.0116326530612245,0.765405405405405,0.0356756756756757,0.519,0.0186666666666667,0.673076923076923,0.01,0.827916666666667,0.0227083333333333
"17",7887,45.8935,6.445667,1597,"LA CLUSAZ",0.748245614035088,NA,0.870192307692308,NA,0.730188679245283,NA,1.51695652173913,NA,1.1225,NA,0.58962962962963,NA,0.747115384615385,NA,1.25,NA,0.753461538461538,0.00730769230769231,1.23274509803922,0.0331372549019608,1.09173076923077,0.0117307692307692,0.482156862745098,0.0347058823529412,0.817777777777778,0.0115555555555556,1.23555555555556,0.0331481481481481,1.0462962962963,0.0224074074074074,0.38,0.013921568627451,1.40625,0.0119642857142857,1.50351851851852,0.0381481481481481,1.24150943396226,0.0515384615384615,1.2142,0.0242,1.19890909090909,0.0407272727272727,0.5678125,0.010625,1.39782608695652,0.0180434782608696,1.17348837209302,0.0165116279069767,0.691111111111111,0.0188571428571429,0.94,0.0204,0.921219512195122,0.0287804878048781
"18",7888,45.176,6.493833,1788,"Valmeinier",0.503137254901961,NA,0.486545454545455,NA,0.888653846153846,NA,1.21452830188679,NA,0.985818181818182,NA,0.408076923076923,NA,0.415535714285714,NA,1.49270833333333,NA,0.685098039215686,0.012156862745098,1.03428571428571,0.0130952380952381,0.584285714285714,0.0176190476190476,0.4925,0.0258928571428571,0.575,0.00481481481481482,1.00434782608696,0.01,0.974285714285714,0.0202040816326531,0.255416666666667,0.0104166666666667,1.59894736842105,0.00508771929824561,1.22018867924528,0.0241509433962264,0.899090909090909,0.0336363636363636,0.810384615384615,0.0144230769230769,0.807222222222222,0.0283333333333333,0.4428,0.018,1.41021739130435,0.0128260869565217,0.848333333333333,0.0192857142857143,0.856666666666667,0.0310344827586207,0.775909090909091,0.0331818181818182,0.6964,0.0284
"19",7889,45.323333,6.541667,1800,"Les Menuires",0.433333333333333,NA,0.596607142857143,NA,0.592037037037037,NA,1.01090909090909,NA,0.870175438596491,NA,0.275925925925926,NA,0.388846153846154,NA,0.546363636363636,NA,0.717454545454545,0.00727272727272727,0.617857142857143,0.0108928571428571,0.458363636363636,0.0129090909090909,0.391111111111111,0.0288888888888889,0.443207547169811,0.00528301886792453,0.799056603773585,0.0132075471698113,0.688703703703704,0.0196296296296296,0.364150943396226,0.00981132075471698,0.928148148148148,0.00537037037037037,1.00811320754717,0.0230188679245283,0.810816326530612,0.0336734693877551,0.504565217391304,0.0217391304347826,0.637678571428571,0.0275,0.408076923076923,0.02,1.14510204081633,0.0120408163265306,0.692045454545455,0.0211428571428571,0.630208333333333,0.0178260869565217,0.56,0.03,0.561111111111111,0.0303703703703704
"20",7891,45.671333,6.5405,1209,"Areches",0.588333333333333,NA,0.866071428571429,NA,0.66,NA,1.59961538461538,NA,0.790689655172414,NA,0.4075,NA,0.473214285714286,NA,1.00178571428571,NA,0.746296296296296,0.0122222222222222,1.17296296296296,0.0344444444444444,1.1,0.0312,0.4428,0.0530769230769231,0.80875,0.026875,1.21592592592593,0.037037037037037,0.782142857142857,0.0307142857142857,0.263703703703704,0.0181481481481481,1.53148148148148,0.0151851851851852,1.43769230769231,0.0580769230769231,0.8568,0.0788,0.968695652173913,0.0469565217391304,0.869090909090909,0.0442424242424242,0.457142857142857,0.0217857142857143,1.42222222222222,0.0285185185185185,1.18846153846154,0.0434615384615385,0.609310344827586,0.0468965517241379,0.87625,0.0191666666666667,0.825,0.0364285714285714
"21",7892,45.371667,6.583333,1700,"Meribel Mottaret",0.695769230769231,NA,1.2388,NA,0.881777777777778,NA,1.01818181818182,NA,0.942708333333333,NA,0.733181818181818,NA,0.68936170212766,NA,0.866666666666667,NA,0.789166666666667,0.01,0.986,0.0154,0.68936170212766,0.0106382978723404,0.67695652173913,0.026304347826087,0.874255319148936,0.00872340425531915,0.909333333333333,0.0197777777777778,0.928775510204082,0.0181632653061224,0.610434782608696,0.00782608695652174,1.37041666666667,0.00645833333333333,1.23702127659574,0.0208510638297872,1.0636170212766,0.041063829787234,0.798717948717949,0.0243589743589744,0.895510204081633,0.0283673469387755,0.562075471698113,0.0220754716981132,1.47107142857143,0.01125,1.0758,0.0202,0.7974,0.0226,0.95,0,0.993725490196078,0.0129411764705882
"22",7893,45.413333,6.632167,1780,"Courchevel",0.923454545454545,NA,1.14107142857143,NA,1.04425925925926,NA,1.52814814814815,NA,1.16789473684211,NA,0.919622641509434,NA,0.842142857142857,NA,1.0525,NA,1.19947368421053,0.0103508771929825,1.09763636363636,0.0230909090909091,0.80625,0.0166071428571429,0.828035714285714,0.03375,1.14070175438596,0.00666666666666667,1.06615384615385,0.0159615384615385,1.05964285714286,0.0219642857142857,0.661090909090909,0.00909090909090909,1.64909090909091,0.00690909090909091,1.446,0.027,1.24617021276596,0.0459574468085106,0.9275,0.0208333333333333,1.24109090909091,0.0310909090909091,0.765178571428571,0.0215094339622642,1.99872727272727,0.0118181818181818,1.26769230769231,0.0190384615384615,1.28553191489362,0.0287234042553191,1.45,0.19,1.15785714285714,0.0307142857142857
"23",7894,45.461833,6.445167,1333,"Valmorel",0.736428571428571,NA,0.591481481481481,NA,0.522592592592593,NA,1.35,NA,0.733103448275862,NA,0.340714285714286,NA,0.448148148148148,NA,0.774285714285714,NA,0.603571428571429,0.0103571428571429,0.994285714285714,0.0314285714285714,0.6425,0.0210714285714286,0.456785714285714,0.055,0.676923076923077,0.00730769230769231,0.811428571428571,0.0267857142857143,0.609642857142857,0.0289285714285714,0.0982142857142857,0.0121428571428571,1.30310344827586,0.0131034482758621,1.1428,0.0488,0.75962962962963,0.0614814814814815,0.6596,0.036,0.487931034482759,0.0448275862068966,0.292592592592593,0.0174074074074074,1.15821428571429,0.0189285714285714,0.887857142857143,0.0385714285714286,0.561785714285714,0.0435714285714286,0.465714285714286,0.00571428571428571,0.552692307692308,0.0269230769230769
"24",7895,45.506833,6.678667,1980,"La Plagne",1.05418181818182,NA,1.22109090909091,NA,1.11481481481481,NA,1.63490909090909,NA,1.44035087719298,NA,1.16018518518519,NA,0.761785714285714,NA,1.22214285714286,NA,1.30438596491228,0.00947368421052632,1.10090909090909,0.0201818181818182,0.870535714285714,0.0219642857142857,1.028,0.0372727272727273,1.31910714285714,0.00839285714285714,1.28936170212766,0.0119148936170213,1.25482142857143,0.0282142857142857,0.5595,0.00525,1.78136363636364,0.00613636363636364,1.53075,0.0315,1.35577777777778,0.0435555555555556,0.909756097560976,0.0168292682926829,1.37620689655172,0.0394827586206897,0.784230769230769,0.0225,2.27115384615385,0.0148076923076923,1.29027777777778,0.0194444444444444,1.41659090909091,0.0281818181818182,1.09277777777778,0.0388888888888889,1.14024390243902,0.0109756097560976
"25",7896,45.381667,6.72,1416,"Pralognan",0.442,NA,0.535892857142857,NA,0.61962962962963,NA,1.30181818181818,NA,0.880877192982456,NA,0.356666666666667,NA,0.573571428571429,NA,0.81625,NA,0.649824561403509,0.00771929824561404,1.05714285714286,0.0205357142857143,0.578,0.0129090909090909,0.518928571428571,0.025,0.775961538461538,0.00519230769230769,0.886727272727273,0.0158181818181818,0.699591836734694,0.0163265306122449,0.3616,0.0108,1.41833333333333,0.01,1.24698113207547,0.0264150943396226,0.917058823529412,0.0362745098039216,0.662040816326531,0.0179591836734694,0.802380952380952,0.0221428571428571,0.454150943396226,0.0164150943396226,1.13522727272727,0.00840909090909091,0.8898,0.0168,0.638867924528302,0.0250943396226415,0.792916666666667,0.0208333333333333,0.84025641025641,0.0251282051282051
"26",7901,45.629833,6.848333,1867,"La Rosiere",0.746545454545455,NA,1.01,NA,0.899444444444444,NA,1.92818181818182,NA,1.41561403508772,NA,0.816666666666667,NA,0.706071428571429,NA,1.47178571428571,NA,1.19157894736842,0.0115789473684211,1.43267857142857,0.0308928571428571,0.778035714285714,0.0255357142857143,0.955714285714286,0.0480357142857143,0.979298245614035,0.00771929824561404,0.836964285714286,0.0151785714285714,0.755,0.0183333333333333,0.4475,0.0123214285714286,2.16810344827586,0.0108620689655172,2.12290909090909,0.0421818181818182,1.60196428571429,0.05,1.02849056603774,0.0154716981132075,1.46568965517241,0.0474137931034483,1.12981818181818,0.0227272727272727,2.61181818181818,0.0174545454545455,1.33811320754717,0.0152830188679245,1.72,0.0334615384615385,1.4969696969697,0.0178787878787879,1.21,0.0375510204081633
"27",7904,45.468333,6.908333,2080,"Tignes",1.12722222222222,NA,1.35410714285714,NA,1.0522641509434,NA,1.48296296296296,NA,1.56240740740741,NA,0.847692307692308,NA,0.904716981132075,NA,1.15245283018868,NA,1.22053571428571,0.00714285714285714,1.06796296296296,0.0155555555555556,0.866545454545455,0.0218181818181818,0.982037037037037,0.0355555555555556,1.06924528301887,0.00773584905660377,1.26096153846154,0.0101923076923077,1.14480769230769,0.0149019607843137,0.668148148148148,0.0137037037037037,1.48789473684211,0.00491228070175439,1.57622641509434,0.0288679245283019,1.01555555555556,0.0414814814814815,0.799607843137255,0.0113725490196078,1.26928571428571,0.0408928571428571,0.910961538461538,0.0207692307692308,2.44277777777778,0.022037037037037,1.45878048780488,0.0141463414634146,1.90244897959184,0.0222448979591837,1.45416666666667,0.00416666666666667,1.29567567567568,0.0362162162162162
"28",7907,45.243333,6.266667,1585,"Le Corbier",0.521272727272727,NA,0.672592592592593,NA,0.542452830188679,NA,0.999814814814815,NA,0.690377358490566,NA,0.3075,NA,0.429807692307692,NA,1.25441860465116,NA,0.556666666666667,0.00686274509803922,0.854705882352941,0.01,0.604565217391304,0.0171739130434783,0.391627906976744,0.0274418604651163,0.578260869565217,0.0119565217391304,0.739787234042553,0.00978723404255319,0.687647058823529,0.0207843137254902,0.132,0.00745454545454546,1.18056603773585,0.00886792452830189,0.822549019607843,0.0213725490196078,0.875555555555556,0.04,0.816458333333333,0.0204166666666667,0.622380952380952,0.0504761904761905,0.427368421052632,0.0215789473684211,1.06297297297297,0.0154054054054054,0.983928571428571,0.0378571428571429,0.59875,0.0158333333333333,0.677333333333333,0.0273333333333333,0.755217391304348,0.0265217391304348
"29",7908,45.968333,6.942833,1970,"Lognan",1.224375,NA,1.72021739130435,NA,1.10568181818182,NA,2.214375,NA,1.94822222222222,NA,1.54104166666667,NA,1.23392857142857,NA,1.94625,NA,1.7375,0.0135416666666667,1.60044444444444,0.0308888888888889,1.44772727272727,0.0311363636363636,1.45111111111111,0.0494444444444444,1.38925925925926,0.0114814814814815,1.55872727272727,0.0294545454545455,1.68703703703704,0.0396296296296296,0.799107142857143,0.01625,2.21254901960784,0.00862745098039216,2.0375,0.0390384615384615,1.42307692307692,0.0682692307692308,1.1469387755102,0.0281632653061225,1.8863829787234,0.0658695652173913,0.726842105263158,0.0594736842105263,2.71357142857143,0.0328571428571429,1.42222222222222,0.0527777777777778,1.24714285714286,0.0227272727272727,1.3775,0.0364285714285714,1.25727272727273,0.035
"30",7911,45.758333,6.528833,1636,"Les Saisies",0.886666666666667,NA,1.23074074074074,NA,1.00962962962963,NA,1.8575,NA,1.61896551724138,NA,0.998333333333333,NA,0.928846153846154,NA,1.36791666666667,NA,1.22125,0.011875,1.41368421052632,0.0594736842105263,1.19,0.0288,0.699047619047619,0.060952380952381,1.09,0.042,1.6,0.0235714285714286,1.12,0.0409090909090909,0.582727272727273,0.0172727272727273,1.94380952380952,0.0104761904761905,1.82071428571429,0.0707142857142857,1.27916666666667,0.0841666666666667,1.175,0.0285714285714286,1.28636363636364,0.0572727272727273,0.541428571428571,0.0242857142857143,2.17333333333333,0.0933333333333333,1.326,0.0448,1.18620689655172,0.0396551724137931,1.24615384615385,0.025,1.2475,0.0433333333333333
"31",7912,45.320667,6.995333,1713,"Bessans",0.791363636363636,NA,1.00844444444444,NA,0.6652,NA,0.90375,NA,0.914411764705882,NA,0.6805,NA,0.6532,NA,0.849444444444444,NA,0.922820512820513,0.00923076923076923,0.827692307692308,0.0173076923076923,0.609444444444444,0.0241666666666667,0.36675,0.029,0.843529411764706,0.00490196078431373,1.32647058823529,0.015,0.898214285714286,0.0371428571428571,0.621428571428571,0.0157142857142857,1.10266666666667,0.008,1.09,0.0557142857142857,1.03214285714286,0.0407142857142857,0.617272727272727,0.0336363636363636,0.942142857142857,0.0603571428571429,0.516315789473684,0.0247368421052632,1.29769230769231,0.0223076923076923,0.667142857142857,0.0292857142857143,0.739615384615385,0.0176923076923077,0.854230769230769,0.0208,0.783333333333333,0.0240740740740741
"32",7916,45.417833,6.3635,1595,"ST FRANCOIS LONG",0.333214285714286,NA,0.0678571428571429,NA,0.312,NA,1.1668,NA,0.867857142857143,NA,0.315,NA,0.316071428571429,NA,1.354,NA,0.596666666666667,0.00814814814814815,0.9664,0.0144,0.716071428571429,0.0260714285714286,0.346666666666667,0.0611111111111111,0.616666666666667,0.00708333333333333,0.804814814814815,0.0266666666666667,0.754814814814815,0.0322222222222222,0.3572,0.0092,1.25586206896552,0.0120689655172414,1.3264,0.0656,0.858260869565217,0.0756521739130435,0.695,0.0340909090909091,0.581428571428571,0.0360714285714286,0.456,0.007,0.885,0.02,0.9175,0.0266666666666667,0.2316,0.042,0.808421052631579,0.0105263157894737,0.739473684210526,0.0242105263157895
"33",7919,44.719,6.332167,2285,"ORCIERES MERLETTE",1.04872340425532,NA,0.995454545454545,NA,0.515744680851064,NA,0.279811320754717,NA,0.924905660377359,NA,1.03270833333333,NA,0.324722222222222,NA,0.76469387755102,NA,1.33176470588235,0.00303030303030303,0.0932432432432432,0.00135135135135135,0.787575757575758,0.0240625,0.821621621621622,0.047027027027027,1.02571428571429,0.0232142857142857,1.31266666666667,0.038,1.25242424242424,0.0423529411764706,0.690666666666667,0.016,0.887575757575758,0.00575757575757576,1.29540540540541,0.0272972972972973,1.41551724137931,0.0755172413793103,0.823809523809524,0.0442857142857143,0.913823529411765,0.0448571428571429,0.5071875,0.0409375,1.76487179487179,0.0202564102564103,0.905142857142857,0.0165714285714286,1.18896551724138,0.0275862068965517,NA,NA,0.445,0.0183333333333333
"34",7920,45.158833,6.097667,1720,"VAUJANY-NIVO",1.17291666666667,NA,0.940212765957447,NA,0.768085106382979,NA,0.86469387755102,NA,0.934468085106383,NA,0.973589743589744,NA,0.5034,NA,0.91078947368421,NA,0.836363636363636,0.00381818181818182,0.784,0.00555555555555556,0.750851063829787,0.0152173913043478,0.55469387755102,0.0414285714285714,0.984871794871795,0.0174358974358974,1.19818181818182,0.0110909090909091,1.06777777777778,0.0251111111111111,0.690851063829787,0.00680851063829787,1.345,0.0030952380952381,1.41,0,1.33193548387097,0.0532258064516129,0.764516129032258,0.0225806451612903,0.808809523809524,0.0314285714285714,0.4125,0.0375,1.53682926829268,0.0178048780487805,0.95962962962963,0.00259259259259259,0.756129032258064,0.0193548387096774,1.08885714285714,0.0345714285714286,0.570882352941177,0.0214705882352941
"35",7921,44.818,6.485833,1680,"PUY ST VINCENT 1600",1.5946,NA,1.41089285714286,NA,0.9524,NA,0.667843137254902,NA,0.553454545454545,NA,0.948163265306122,NA,0.398461538461538,NA,0.9675,NA,1.1540350877193,0.0128070175438596,0.490754716981132,0.000566037735849057,0.795652173913043,0.0328260869565217,0.625740740740741,0.0201851851851852,1.20297872340426,0.0179166666666667,1.31169811320755,0.0247169811320755,1.41410714285714,0.0448214285714286,0.7375,0.0107142857142857,0.670175438596491,0.0012280701754386,1.2087037037037,0.0174074074074074,1.67609756097561,0.0551219512195122,0.641702127659574,0.0187234042553192,0.813272727272727,0.0309090909090909,0.47125,0.0198214285714286,1.28482142857143,0.01,0.928703703703704,0.0188888888888889,0.929636363636364,0.00836363636363636,0.865625,0.00933333333333333,0.467636363636364,0.0129090909090909
"36",7928,46.165833,6.659167,1530,"Les Gets",0.754137931034483,NA,0.976,NA,0.535090909090909,NA,1.8564,NA,1.30719298245614,NA,0.737321428571429,NA,0.898392857142857,NA,1.21188679245283,NA,0.937321428571429,0.00892857142857143,1.17056603773585,0.0245283018867925,1.24596153846154,0.0238461538461538,0.492631578947368,0.0386842105263158,0.904705882352941,0.012156862745098,1.41527272727273,0.0354545454545455,0.970980392156863,0.0337254901960784,0.240588235294118,0.0143137254901961,1.60771929824561,0.00929824561403509,1.5788,0.0386,1.07918367346939,0.0555102040816327,1.02019607843137,0.0315686274509804,0.985,0.0428846153846154,0.430555555555556,0.0205555555555556,1.79290909090909,0.0209090909090909,1.08470588235294,0.0231372549019608,0.614,0.0263636363636364,1.15,0,0.934,0.0252
"37",7929,44.561,6.670333,2222,"VARS",1.24888888888889,NA,0.784074074074074,NA,0.865925925925926,NA,0.452448979591837,NA,0.533265306122449,NA,0.813191489361702,NA,0.166585365853659,NA,0.887962962962963,NA,0.967090909090909,0.0138181818181818,0.269056603773585,0.000754716981132075,0.717735849056604,0.0167307692307692,0.413207547169811,0.0226415094339623,0.946279069767442,0.0115555555555556,1.21148936170213,0.0185106382978723,0.974897959183674,0.0181632653061224,0.58390243902439,0.00952380952380952,0.586538461538462,0.000961538461538462,0.743673469387755,0.0130612244897959,1.14953488372093,0.0531818181818182,0.483214285714286,0.0143333333333333,0.617567567567568,0.0291891891891892,0.824444444444444,0.0226666666666667,1.53744186046512,0.0158139534883721,0.56725,0.0158536585365854,1.90574074074074,0.0157407407407407,1.24588235294118,0.01125,0.786964285714286,0.00696428571428571
"38",7931,44.671167,6.776167,1665,"CEILLAC_NIVO",0.416545454545455,NA,0.461272727272727,NA,0.364545454545455,NA,0.222075471698113,NA,0.308363636363636,NA,0.280181818181818,NA,0.0448076923076923,NA,0.344821428571429,NA,0.452307692307692,0.00615384615384615,0.0708,0.000784313725490196,0.38622641509434,0.00962264150943396,0.107222222222222,0.0142592592592593,0.444,0.00563636363636364,0.87037037037037,0.01,0.647735849056604,0.020188679245283,0.334464285714286,0.00535714285714286,0.362037037037037,0.00296296296296296,0.437169811320755,0.00849056603773585,0.763055555555556,0.0294444444444444,0.33,0.0157777777777778,0.308846153846154,0.025,0.154807692307692,0.015,0.722745098039216,0.00764705882352941,0.401315789473684,0.0184210526315789,0.343404255319149,0.00723404255319149,0.334897959183673,0.00775510204081633,0.105862068965517,0.00482758620689655
"39",7939,44.1895,7.149,1912,"ISOLA",1.81212765957447,NA,1.44849056603774,NA,1.08777777777778,NA,0.561836734693878,NA,0.485614035087719,NA,1.21612244897959,NA,0.720434782608696,NA,1.0682,NA,1.24977777777778,0.00177777777777778,0.469565217391304,0.00608695652173913,0.554285714285714,0.00714285714285714,0.413529411764706,0.00627450980392157,0.985813953488372,0.00906976744186047,1.84302325581395,0.00837209302325581,1.19604166666667,0.0255555555555556,1.02692307692308,0.0119230769230769,0.38377358490566,0.014,1.31208333333333,0.0102083333333333,2.1475,0.0433333333333333,1.06243902439024,0.0284615384615385,0.69140350877193,0.03,0.668181818181818,0.0121818181818182,1.01509090909091,0.0218181818181818,0.91125,0.0185454545454545,0.966034482758621,0.000517241379310345,1.07019230769231,0.00826923076923077,0.481666666666667,0.00888888888888889
"40",7940,44.289833,6.561667,1900,"La Foux d Allos",2.01509803921569,NA,1.89,NA,1.40666666666667,NA,0.739166666666667,NA,0.753673469387755,NA,1.52384615384615,NA,0.4395,NA,1.46326530612245,NA,1.14125,0.0177083333333333,0.768148148148148,0.00259259259259259,1.12194444444444,0.0130555555555556,0.866875,0.0129166666666667,1.11361111111111,0.00444444444444444,1.94777777777778,0.0275,1.62232558139535,0.0393023255813953,0.844736842105263,0.0173684210526316,0.717142857142857,0.00595238095238095,1.30441176470588,0.0235294117647059,2.17586206896552,0.0609677419354839,0.892142857142857,0.0207142857142857,1.04928571428571,0.0496428571428571,0.571153846153846,0.035,1.44307692307692,0.0223076923076923,0.759583333333333,0.0333333333333333,0.975714285714286,0.00678571428571429,1.27739130434783,0.0260869565217391,0.389259259259259,0.0159259259259259
"41",7941,44.087,6.941333,1630,"Valberg",1.80423076923077,NA,0.932452830188679,NA,0.835094339622642,NA,0.558846153846154,NA,0.180943396226415,NA,0.528909090909091,NA,0.46125,NA,0.649814814814815,NA,0.301785714285714,0.01,0.310185185185185,0.00351851851851852,0.731666666666667,0.0255555555555556,0.191636363636364,0.00218181818181818,0.842222222222222,0.00844444444444445,1.66891304347826,0.0260869565217391,1.08490196078431,0.0372549019607843,0.667173913043478,0.013695652173913,0.3308,0.012,1.02423076923077,0.0153846153846154,1.80454545454545,0.0603030303030303,0.337142857142857,0.0233333333333333,0.321,0.056,0.338461538461538,0.0203846153846154,0.343658536585366,0.0151219512195122,0.567142857142857,0.05,0.406086956521739,0,0.735,0.04125,0.2925,0.095
"42",7942,44.215333,6.9135,1910,"Auron",1.8412962962963,NA,1.38396226415094,NA,1.14792452830189,NA,0.614038461538462,NA,0.276428571428571,NA,1.5030612244898,NA,0.450892857142857,NA,1.01358490566038,NA,0.733584905660377,0.0118867924528302,0.27,0.00509433962264151,0.890545454545455,0.00709090909090909,0.5075,0.00589285714285714,1.01644444444444,0.0122222222222222,1.89830188679245,0.0175471698113208,1.58946428571429,0.035,1.03660377358491,0.0113207547169811,0.581346153846154,0.00711538461538462,1.38076923076923,0.0182692307692308,2.15345454545455,0.0476363636363636,0.553461538461538,0.0155769230769231,0.51140350877193,0.0280701754385965,0.503888888888889,0.0185185185185185,0.724814814814815,0.0131481481481481,0.859811320754717,0.020377358490566,0.860877192982456,0.00140350877192982,0.837291666666667,0.009375,0.375576923076923,0.0105769230769231
"43",7943,42.9785,-0.748167,1650,"ARETTE LA-PIERRE-SAINT-MARTIN",0.575925925925926,NA,0.059811320754717,NA,0.0832727272727273,NA,0.527321428571429,NA,0.0571739130434783,NA,0.3766,NA,0.57375,NA,1.41096153846154,NA,0.146274509803922,0.0252941176470588,1.06716981132075,0.0247169811320755,0.958928571428571,0.00509433962264151,0.121538461538462,0.0115384615384615,0.185294117647059,0.00441176470588235,1.19333333333333,0.0187096774193548,0.994705882352941,0.0197058823529412,0.193809523809524,0.0161904761904762,0.847317073170732,0.0248780487804878,2.32225,0.08525,0.989302325581395,0.0316279069767442,1.53548387096774,0.052258064516129,0.270789473684211,0.0442105263157895,0.77,0.04,0.84962962962963,0.0825925925925926,1.02647058823529,0.02375,0.00529411764705882,0.00294117647058824,0.09,0.0135294117647059,0.333636363636364,0.0140909090909091
"44",7945,44.870833,6.487167,1270,"PELVOUX ST ANTOINE",0.798163265306122,NA,0.579245283018868,NA,0.652884615384615,NA,0.487843137254902,NA,0.0413461538461538,NA,0.246086956521739,NA,0.0629787234042553,NA,0.431458333333333,NA,0.495,0.0106818181818182,0.126382978723404,0.000212765957446809,0.554285714285714,0.0171428571428571,0.0744897959183674,0.0114583333333333,0.690975609756098,0.0175609756097561,0.945142857142857,0.0274285714285714,1.09387096774194,0.0493548387096774,0.331428571428571,0.00357142857142857,0.375555555555556,0.00185185185185185,0.825882352941177,0.0241176470588235,1.19777777777778,0.0366666666666667,0.374375,0.01875,0.3356,0.0232,0.174117647058824,0.0382352941176471,0.677777777777778,0,0.655,0.105,0.379230769230769,0.00230769230769231,0.358333333333333,0.0216666666666667,0.05,0.0272727272727273
"45",7950,42.950333,-0.331667,1590,"Gourette",0.505348837209302,NA,0.0132075471698113,NA,0.117272727272727,NA,0.770727272727273,NA,0.112407407407407,NA,0.532363636363636,NA,0.505892857142857,NA,1.22269230769231,NA,0.158139534883721,0.0326530612244898,1.12978723404255,0.0446808510638298,0.637959183673469,0.00755102040816326,0.0963265306122449,0.016875,0.102391304347826,0.00282608695652174,0.891836734693878,0.0497959183673469,0.572448979591837,0.0210204081632653,0.227222222222222,0.0275925925925926,1.14,0.0342857142857143,2.28723404255319,0.0917021276595745,0.750408163265306,0.036734693877551,1.82926829268293,0.0535,0.19078431372549,0.0349019607843137,0.549259259259259,0.0233333333333333,0.797777777777778,0.0733333333333333,1.03925925925926,0.0233333333333333,0.00724137931034483,0.00517241379310345,0.2175,0.00892857142857143,0.5148,0.0056
"46",7952,42.879667,-0.158167,1920,"CAUTERETS_LYS",1.40615384615385,NA,0.687962962962963,NA,0.647962962962963,NA,1.287,NA,0.6052,NA,0.740740740740741,NA,0.978867924528302,NA,1.98428571428571,NA,0.893508771929825,0.0217543859649123,1.4738,0.0358,0.937358490566038,0.00584905660377358,0.295454545454545,0.0185454545454545,0.1728,0.0058,2.12092592592593,0.0381481481481482,1.01584905660377,0.0226415094339623,0.275,0.0278846153846154,1.13107142857143,0.0289090909090909,3.57282608695652,0.102156862745098,1.68081632653061,0.0433333333333333,2.46217391304348,0.0630232558139535,0.892037037037037,0.0476923076923077,1.67642857142857,0.038,1.92083333333333,0.1044,2.12321428571429,0.0510714285714286,0.672142857142857,0.0132142857142857,1.14545454545455,0.02,1.89035714285714,0.0214285714285714
"47",7959,42.782167,0.16,1860,"Piau",1.15309090909091,NA,0.554909090909091,NA,0.360576923076923,NA,0.665925925925926,NA,0.385283018867925,NA,0.591428571428571,NA,0.741296296296296,NA,1.565,NA,0.426595744680851,0.0317021276595745,1.584,0.0260975609756098,0.864761904761905,0.0114634146341463,0.1056,0.0102,0.403023255813953,0.00697674418604651,2.02895833333333,0.0295833333333333,0.7546,0.018,0.6448,0.036734693877551,1.18447368421053,0.0363636363636364,2.77933333333333,0.0816326530612245,1.32584905660377,0.0264,2.2425,0.0572340425531915,0.489811320754717,0.0252,1.68153846153846,0.0169230769230769,1.78714285714286,0.0933333333333333,1.35,0.0425925925925926,0.0979310344827586,0.00137931034482759,0.338947368421053,0.00789473684210526,0.949285714285714,0.0239285714285714
"48",7966,42.835333,0.934667,1000,"SENTEIN EYLIE HAUT",0.0992592592592593,NA,0,NA,0.00884615384615385,NA,0.0295238095238095,NA,0.005,NA,0.0164705882352941,NA,0.0372727272727273,NA,0.2488,NA,0.02,0.017,0.234583333333333,0.03875,0.02625,0.00166666666666667,0,0,0.000434782608695652,0.000434782608695652,0.104230769230769,0.0330769230769231,0.0339285714285714,0.0110714285714286,0.012962962962963,0.0114814814814815,0.151379310344828,0.0227586206896552,0.3236,0.0564,0.0148,0.012,0.376923076923077,0.055,0.022,0.0144,0.0216666666666667,0.0125,0.0780952380952381,0.0261904761904762,0.112105263157895,0.0168421052631579,0,0,0.00105263157894737,0.00105263157894737,0.00142857142857143,0.00142857142857143
"49",7969,42.7705,0.576333,1763,"Superbagneres",0.726060606060606,NA,0.222222222222222,NA,0.382727272727273,NA,0.996923076923077,NA,0.372608695652174,NA,0.555416666666667,NA,0.645,NA,1.3704347826087,NA,0.294864864864865,0.0156756756756757,1.13333333333333,0.0271111111111111,0.934193548387097,0.00612903225806452,0.0409375,0.0112903225806452,0.0320833333333333,0.005,1.29235294117647,0.0333333333333333,0.778787878787879,0.0242424242424242,0.393846153846154,0.0364,0.669117647058824,0.0385294117647059,1.69757575757576,0.0548484848484848,1.16,0.0297142857142857,1.38260869565217,0.0357142857142857,0.387407407407407,0.0273076923076923,0.6992,0.0092,1.29961538461538,0.0746153846153846,0.81,0.0352941176470588,0.0836,0.0024,0.385,0.0135714285714286,0.868888888888889,0.0172222222222222
"50",7970,42.724,1.690667,1789,"Beille",0.791463414634146,NA,0.191724137931034,NA,0.290322580645161,NA,0.813103448275862,NA,0.390666666666667,NA,0.396666666666667,NA,0.55625,NA,1.24111111111111,NA,0.804,0.016,1.74565217391304,0.05625,0.926785714285714,0.00964285714285714,0.21,0.0316666666666667,0.0270588235294118,0.00176470588235294,1.2172,0.0288,0.938214285714286,0.0462962962962963,0.25962962962963,0.0407407407407407,0.867241379310345,0.0482758620689655,2.04083333333333,0.0760869565217391,1.33392857142857,0.0410714285714286,1.17555555555556,0.0673076923076923,0.365,0.0240909090909091,0.826857142857143,0.0171428571428571,1.07578947368421,0.0560526315789474,0.9535,0.021,0.0820689655172414,0.00241379310344828,0.315384615384615,0.00653846153846154,0.802962962962963,0.0166666666666667
"51",7981,42.571667,2.051667,2108,"Les Angles",0.8634,NA,0.810816326530612,NA,0.502352941176471,NA,0.694545454545455,NA,0.472,NA,0.526792452830189,NA,0.654130434782609,NA,1.28263157894737,NA,0.229811320754717,0.00849056603773585,0.41825,0.0148717948717949,1.07795454545455,0.00431818181818182,0.0958695652173913,0.00847826086956522,0.415789473684211,0,1.31666666666667,0.0268181818181818,0.68,0.00755555555555556,0.23,0.0130188679245283,0.36906976744186,0.0109090909090909,1.36884615384615,0.04,1.602,0.0403333333333333,0.741891891891892,0.0162162162162162,0.330454545454545,0.0369565217391304,0.621162790697674,0.0102325581395349,1.23521739130435,0.0291304347826087,0.82975,0.0069047619047619,0.839705882352941,0.00176470588235294,0.313888888888889,0.00166666666666667,0.652121212121212,0.00424242424242424
"52",7982,42.623667,2.068333,1753,"FORMIGUERE",0.83531914893617,NA,0.135238095238095,NA,0.253809523809524,NA,1.24444444444444,NA,0.565789473684211,NA,0.915217391304348,NA,0.701666666666667,NA,2.002,NA,0.50974358974359,0.0158974358974359,1.27,0.07125,0.96304347826087,0.00956521739130435,0.212142857142857,0.0264285714285714,0.381379310344828,0,1.07424242424242,0.0334375,0.966666666666667,0.0373076923076923,0.486585365853659,0.0441463414634146,1.18666666666667,0.0406666666666667,2.03444444444444,0.0957692307692308,0.85,0.0286486486486486,1.563,0.051,0.525555555555556,0.0511111111111111,0.779375,0.029375,0.814,0.05,0.89375,0.0025,0.575,0,0.1,0,1.3625,0.0125
